[
  {
    "solat": ["subuh", "shubuh"],
    "latin": "Ushalli fardhosh shubhi rok'ataini mustaqbilal qiblati adaa-an lillaahi ta'aala",
    "arabic": "اُصَلِّى فَرْضَ الصُّبْحِ رَكْعَتَيْنِ مُسْتَقْبِلَ الْقِبْلَةِ أَدَاءً لِلَّهِ تَعَالَى",
    "translation_id": "Aku berniat shalat fardhu Subuh dua raka'at menghadap kiblat karena Allah Ta'ala"
  },
  {
    "solat": "dzuhur",
    "latin": "Ushalli fardhodl dhuhri arba'a raka'aatim mustaqbilal qiblati adaa-an lillaahi ta'aala",
    "arabic": "اُصَلِّى فَرْضَ الظُّهْرِاَرْبَعَ رَكَعَاتٍ مُسْتَقْبِلَ الْقِبْلَةِ اَدَاءً ِللهِ تَعَالَى",
    "translation_id": "Aku berniat shalat fardhu Dzuhur empat raka'at menghadap kiblat karena Allah Ta'ala"
  },
  {
    "solat": "ashar",
    "latin": "Ushalli fardhol 'ashri arba'a raka'aatim mustaqbilal qiblati adaa-an lillaahi ta'aala",
    "arabic": "صَلِّى فَرْضَ الْعَصْرِاَرْبَعَ رَكَعَاتٍ مُسْتَقْبِلَ الْقِبْلَةِ اَدَاءً ِللهِ تَعَالَى",
    "translation_id": "Aku berniat shalat fardhu 'Ashar empat raka'at menghadap kiblat karena Allah Ta'ala"
  },
  {
    "solat": "maghrib",
    "latin": "Ushalli fardhol maghribi tsalaasa raka'aatim mustaqbilal qiblati adaa-an lillaahi ta'aala",
    "arabic": "اُصَلِّى فَرْضَ الْمَغْرِبِ ثَلاَثَ رَكَعَاتٍ مُسْتَقْبِلَ الْقِبْلَةِ أَدَاءً لِلَّهِ تَعَالَى",
    "translation_id": "Aku berniat shalat fardhu Maghrib tiga raka'at menghadap kiblat karena Allah Ta'ala"
  },
  {
    "solat": "isha",
    "latin": "Ushalli fardhol 'isyaa-i arba'a raka'aatim mustaqbilal qiblati adaa-an lillaahi ta'aala",
    "arabic": "صَلِّى فَرْضَ الْعِشَاءِ اَرْبَعَ رَكَعَاتٍ مُسْتَقْبِلَ الْقِبْلَةِ اَدَاءً ِللهِ تَعَالَى",
    "translation_id": "Aku berniat shalat fardhu Isya empat raka'at menghadap kiblat karena Allah Ta'ala"
  }
]
